file,study,subj,slope_or_bridge,total_trial_num,trial_increment,trial_type,trial_onset,trial_offset
Flex1_S32.opf,Flex1,32,b,1,60,w,00:11:34:314,00:11:39:140
Flex1_S32.opf,Flex1,32,b,2,60,w,00:11:50:634,00:11:54:814
Flex1_S32.opf,Flex1,32,b,3,60,w,00:12:06:784,00:12:11:746
Flex1_S32.opf,Flex1,32,b,4,60,w,00:12:39:866,00:12:44:216
Flex1_S32.opf,Flex1,32,b,5,56,w,00:13:04:006,00:13:09:172
Flex1_S32.opf,Flex1,32,b,6,48,w,00:13:41:474,00:13:47:796
Flex1_S32.opf,Flex1,32,b,7,40,w,00:14:08:606,00:14:13:738
Flex1_S32.opf,Flex1,32,b,8,32,w,00:14:29:346,00:14:34:920
Flex1_S32.opf,Flex1,32,b,9,32,f,00:14:50:800,00:14:53:790
Flex1_S32.opf,Flex1,32,b,10,32,s,00:15:23:984,00:15:35:372
Flex1_S32.opf,Flex1,32,b,11,60,w,00:16:24:368,00:16:31:268
Flex1_S32.opf,Flex1,32,b,12,40,s,00:16:42:048,00:17:11:320
Flex1_S32.opf,Flex1,32,b,13,60,w,00:17:31:926,00:17:36:752
Flex1_S32.opf,Flex1,32,b,14,42,w,00:18:18:676,00:18:27:956
Flex1_S32.opf,Flex1,32,b,15,40,w,00:18:46:726,00:18:51:926
Flex1_S32.opf,Flex1,32,b,16,32,w,00:19:11:478,00:19:17:154
Flex1_S32.opf,Flex1,32,b,17,32,w,00:19:26:982,00:19:31:604
Flex1_S32.opf,Flex1,32,b,18,24,w,00:19:46:872,00:19:53:262
Flex1_S32.opf,Flex1,32,b,19,24,f,00:20:07:986,00:20:12:166
Flex1_S32.opf,Flex1,32,b,20,24,s,00:20:27:876,00:20:31:512
Flex1_S32.opf,Flex1,32,b,21,60,w,00:20:59:632,00:21:05:682
Flex1_S32.opf,Flex1,32,b,22,44,w,00:21:29:382,00:21:34:684
Flex1_S32.opf,Flex1,32,b,23,36,w,00:21:59:846,00:22:05:828
Flex1_S32.opf,Flex1,32,b,24,24,s,00:22:21:708,00:22:30:546
Flex1_S32.opf,Flex1,32,b,25,60,w,00:22:57:646,00:23:03:424
Flex1_S32.opf,Flex1,32,b,26,44,w,00:23:16:924,00:23:21:988
Flex1_S32.opf,Flex1,32,b,27,28,w,00:23:39:160,00:23:44:700
Flex1_S32.opf,Flex1,32,b,28,28,w,00:23:59:526,00:24:04:726
Flex1_S32.opf,Flex1,32,b,29,28,w,00:24:20:742,00:24:26:758
Flex1_S32.opf,Flex1,32,b,30,20,w,00:24:46:072,00:24:51:136
Flex1_S32.opf,Flex1,32,b,31,20,f,00:25:07:798,00:25:16:262
Flex1_S32.opf,Flex1,32,b,32,60,w,00:25:57:812,00:26:02:128
Flex1_S32.opf,Flex1,32,b,33,36,w,00:26:22:496,00:26:28:172
Flex1_S32.opf,Flex1,32,b,34,20,s,00:27:05:166,00:27:15:364
Flex1_S32.opf,Flex1,32,b,35,60,w,00:28:21:020,00:28:27:342
Flex1_S32.opf,Flex1,32,b,36,60,w,00:28:45:466,00:28:53:148
Flex1_S32.opf,Flex1,32,b,37,60,w,00:29:15:930,00:29:21:096
Flex1_S32.opf,Flex1,32,b,38,4,s,00:29:37:690,00:29:45:576
Flex1_S32.opf,Flex1,32,b,39,60,w,00:30:32:430,00:30:39:194
Flex1_S32.opf,Flex1,32,b,40,33,s,00:31:02:962,00:31:05:170
Flex1_S32.opf,Flex1,32,b,41,60,w,00:31:33:766,00:31:39:068
Flex1_S32.opf,Flex1,32,b,42,17,s,00:32:00:082,00:32:02:358
Flex1_S32.opf,Flex1,32,b,43,60,w,00:33:25:660,00:33:31:302
Flex1_S32.opf,Flex1,32,b,44,17,s,00:33:55:580,00:33:57:108
Flex1_S32.opf,Flex1,32,b,45,60,w,00:34:50:592,00:34:56:098
Flex1_S32.opf,Flex1,32,b,46,4,s,00:35:30:134,00:35:32:274
Flex1_S32.opf,Flex1,32,b,47,60,w,00:36:28:410,00:36:33:270
Flex1_S32.opf,Flex1,32,b,48,33,s,00:36:56:290,00:36:58:872
Flex1_S32.opf,Flex1,32,b,49,60,w,00:37:27:706,00:37:32:736
Flex1_S32.opf,Flex1,32,s,50,0,w,00:38:22:378,00:38:26:966
Flex1_S32.opf,Flex1,32,s,51,0,w,00:38:36:590,00:38:40:328
Flex1_S32.opf,Flex1,32,s,52,0,w,00:39:14:024,00:39:21:060
Flex1_S32.opf,Flex1,32,s,53,0,w,00:39:48:874,00:39:53:020
Flex1_S32.opf,Flex1,32,s,54,8,w,00:40:04:616,00:40:11:006
Flex1_S32.opf,Flex1,32,s,55,16,f,00:40:28:110,00:40:31:950
Flex1_S32.opf,Flex1,32,s,56,16,f,00:41:23:190,00:41:27:166
Flex1_S32.opf,Flex1,32,s,57,0,w,00:41:47:432,00:41:51:680
Flex1_S32.opf,Flex1,32,s,58,12,f,00:42:04:534,00:42:07:456
Flex1_S32.opf,Flex1,32,s,59,12,f,00:42:20:378,00:42:23:232
Flex1_S32.opf,Flex1,32,s,60,0,w,00:42:40:982,00:42:46:114
Flex1_S32.opf,Flex1,32,s,61,8,w,00:42:58:492,00:43:03:794
Flex1_S32.opf,Flex1,32,s,62,0,w,00:43:13:520,00:43:19:468
Flex1_S32.opf,Flex1,32,s,63,0,w,00:44:17:576,00:44:21:484
Flex1_S32.opf,Flex1,32,s,64,0,w,00:44:37:874,00:44:42:598
Flex1_S32.opf,Flex1,32,s,65,50,s,00:45:01:232,00:45:02:760
Flex1_S32.opf,Flex1,32,s,66,0,w,00:46:11:034,00:46:16:370
Flex1_S32.opf,Flex1,32,s,67,2,w,00:46:25:144,00:46:31:466
Flex1_S32.opf,Flex1,32,s,68,0,w,00:46:40:580,00:46:46:460
Flex1_S32.opf,Flex1,32,s,69,50,s,00:46:59:110,00:47:02:202
Flex1_S32.opf,Flex1,32,s,70,0,w,00:47:59:630,00:48:05:816
Flex1_S31.opf,Flex1,31,s,1,0,f,00:09:05:530,00:09:07:772
Flex1_S31.opf,Flex1,31,s,2,0,w,00:09:29:024,00:09:33:068
Flex1_S31.opf,Flex1,31,s,3,0,w,00:09:49:764,00:09:53:706
Flex1_S31.opf,Flex1,31,s,4,0,w,00:10:07:342,00:10:12:644
Flex1_S31.opf,Flex1,31,s,5,8,w,00:10:34:984,00:10:41:884
Flex1_S31.opf,Flex1,31,s,6,8,w,00:10:59:396,00:11:00:244
Flex1_S31.opf,Flex1,31,s,7,8,f,00:11:06:910,00:11:11:022
Flex1_S31.opf,Flex1,31,s,8,8,w,00:11:26:528,00:11:30:980
Flex1_S31.opf,Flex1,31,s,9,8,w,00:11:43:324,00:11:48:524
Flex1_S31.opf,Flex1,31,s,10,16,f,00:12:04:370,00:12:07:938
Flex1_S31.opf,Flex1,31,s,11,16,f,00:12:22:220,00:12:25:924
Flex1_S31.opf,Flex1,31,s,12,12,f,00:12:42:212,00:12:46:290
Flex1_S31.opf,Flex1,31,s,13,12,f,00:12:58:940,00:13:02:168
Flex1_S31.opf,Flex1,31,s,14,0,w,00:13:34:436,00:13:38:038
Flex1_S31.opf,Flex1,31,s,15,0,w,00:13:58:474,00:14:02:620
Flex1_S31.opf,Flex1,31,s,16,0,w,00:14:13:502,00:14:18:328
Flex1_S31.opf,Flex1,31,s,17,0,w,00:14:31:828,00:14:35:566
Flex1_S31.opf,Flex1,31,s,18,0,w,00:15:37:006,00:15:41:016
Flex1_S31.opf,Flex1,31,s,19,15,f,00:15:59:582,00:16:04:034
Flex1_S31.opf,Flex1,31,s,20,0,w,00:16:27:122,00:16:31:846
Flex1_S31.opf,Flex1,31,s,21,1,w,00:16:45:482,00:16:49:118
Flex1_S31.opf,Flex1,31,s,22,0,w,00:17:32:606,00:17:35:732
Flex1_S31.opf,Flex1,31,s,23,0,w,00:20:18:356,00:20:21:958
Flex1_S31.opf,Flex1,31,s,24,50,f,00:20:36:444,00:20:43:854
Flex1_S31.opf,Flex1,31,s,25,0,w,00:21:06:840,00:21:10:340
Flex1_S31.opf,Flex1,31,s,26,15,f,00:21:32:000,00:21:35:704
Flex1_S31.opf,Flex1,31,s,27,0,w,00:21:58:826,00:22:03:516
Flex1_S31.opf,Flex1,31,s,28,50,f,00:22:34:832,00:22:36:938
Flex1_S31.opf,Flex1,31,s,29,0,w,00:23:02:610,00:23:06:076
Flex1_S31.opf,Flex1,31,s,30,1,w,00:23:14:714,00:23:18:792
Flex1_S31.opf,Flex1,31,s,31,0,w,00:23:27:974,00:23:31:236
Flex1_S31.opf,Flex1,31,b,32,60,w,00:30:14:784,00:30:17:400
Flex1_S31.opf,Flex1,31,b,33,60,w,00:30:26:310,00:30:29:640
Flex1_S31.opf,Flex1,31,b,34,60,w,00:30:38:788,00:30:42:764
Flex1_S31.opf,Flex1,31,b,35,60,w,00:30:51:810,00:30:55:956
Flex1_S31.opf,Flex1,31,b,36,52,w,00:31:15:882,00:31:19:144
Flex1_S31.opf,Flex1,31,b,37,44,w,00:31:39:750,00:31:44:508
Flex1_S31.opf,Flex1,31,b,38,36,w,00:32:04:298,00:32:09:702
Flex1_S31.opf,Flex1,31,b,39,36,f,00:32:40:168,00:32:42:546
Flex1_S31.opf,Flex1,31,b,40,36,f,00:33:01:282,00:33:03:320
Flex1_S31.opf,Flex1,31,b,41,40,f,00:33:24:300,00:33:26:134
Flex1_S31.opf,Flex1,31,b,42,40,w,00:33:43:306,00:33:48:744
Flex1_S31.opf,Flex1,31,b,43,40,w,00:34:44:540,00:34:49:196
Flex1_S31.opf,Flex1,31,b,44,32,w,00:35:14:494,00:35:21:258
Flex1_S31.opf,Flex1,31,b,45,32,w,00:35:34:248,00:35:38:598
Flex1_S31.opf,Flex1,31,b,46,24,f,00:35:57:742,00:36:05:288
Flex1_S31.opf,Flex1,31,b,47,24,s,00:36:51:564,00:37:01:218
Flex1_S31.opf,Flex1,31,b,48,60,w,00:37:44:502,00:37:50:552
Flex1_S31.opf,Flex1,31,b,49,24,w,00:38:08:302,00:38:18:228
Flex1_S31.opf,Flex1,31,b,50,24,w,00:38:31:558,00:38:40:226
Flex1_S31.opf,Flex1,31,b,51,16,f,00:39:05:422,00:39:08:514
Flex1_S31.opf,Flex1,31,b,52,16,f,00:39:28:440,00:39:31:906
Flex1_S31.opf,Flex1,31,b,53,20,f,00:39:53:294,00:40:02:812
Flex1_S31.opf,Flex1,31,b,54,20,f,00:40:16:550,00:40:20:016
Flex1_S31.opf,Flex1,31,b,55,60,w,00:41:02:212,00:41:08:466
Flex1_S31.opf,Flex1,31,b,56,60,w,00:42:28:164,00:42:33:704
Flex1_S31.opf,Flex1,31,b,57,60,w,00:42:43:022,00:42:47:236
Flex1_S31.opf,Flex1,31,b,58,4,s,00:43:12:602,00:43:26:506
Flex1_S31.opf,Flex1,31,b,59,60,w,00:44:11:150,00:44:16:078
Flex1_S31.opf,Flex1,31,b,60,39,w,00:44:48:856,00:44:56:504
Flex1_S31.opf,Flex1,31,b,61,60,w,00:45:24:420,00:45:28:260
Flex1_S31.opf,Flex1,31,b,62,23,f,00:46:46:258,00:46:52:138
Flex1_S31.opf,Flex1,31,b,63,60,w,00:47:26:004,00:47:30:796
Flex1_S31.opf,Flex1,31,b,64,39,f,00:50:12:298,00:50:18:450
Flex1_S31.opf,Flex1,31,b,65,23,f,01:08:36:958,01:08:40:560
Flex1_S31.opf,Flex1,31,b,66,23,s,01:09:03:070,01:09:05:686
Flex1_S31.opf,Flex1,31,b,67,4,s,01:09:59:136,01:10:00:256
Flex1_S31.opf,Flex1,31,b,68,60,w,01:10:54:998,01:11:01:150
Flex1_S31.opf,Flex1,31,b,69,60,w,01:11:29:848,01:11:57:079
Flex1_S19.opf,Flex1,19,s,1,0,w,00:07:00:580,00:07:03:400
Flex1_S19.opf,Flex1,19,s,2,0,w,00:07:24:346,00:07:28:118
Flex1_S19.opf,Flex1,19,s,3,0,w,00:07:38:932,00:07:41:446
Flex1_S19.opf,Flex1,19,s,4,0,w,00:08:11:300,00:08:15:990
Flex1_S19.opf,Flex1,19,s,5,8,w,00:08:32:686,00:08:43:258
Flex1_S19.opf,Flex1,19,s,6,16,w,00:09:02:436,00:09:08:894
Flex1_S19.opf,Flex1,19,s,7,24,w,00:09:19:198,00:09:28:002
Flex1_S19.opf,Flex1,19,s,8,24,w,00:09:38:000,00:09:50:272
Flex1_S19.opf,Flex1,19,s,9,32,f,00:10:01:188,00:10:12:270
Flex1_S19.opf,Flex1,19,s,10,32,f,00:10:30:598,00:10:36:444
Flex1_S19.opf,Flex1,19,s,11,0,w,00:11:04:462,00:11:09:730
Flex1_S19.opf,Flex1,19,s,12,28,s,00:11:35:130,00:11:43:798
Flex1_S19.opf,Flex1,19,s,13,0,w,00:12:11:714,00:12:16:404
Flex1_S19.opf,Flex1,19,s,14,16,w,00:12:29:700,00:12:37:484
Flex1_S19.opf,Flex1,19,s,15,28,w,00:12:50:984,00:12:56:728
Flex1_S19.opf,Flex1,19,s,16,28,f,00:13:08:052,00:13:15:054
Flex1_S19.opf,Flex1,19,s,17,28,s,00:13:37:156,00:13:42:900
Flex1_S19.opf,Flex1,19,s,18,0,s,00:14:16:188,00:14:20:436
Flex1_S19.opf,Flex1,19,s,19,20,s,00:14:36:248,00:14:46:514
Flex1_S19.opf,Flex1,19,s,20,28,s,00:15:00:184,00:15:12:116
Flex1_S19.opf,Flex1,19,s,21,36,s,00:15:25:276,00:15:27:756
Flex1_S19.opf,Flex1,19,s,22,0,w,00:16:00:466,00:16:04:612
Flex1_S19.opf,Flex1,19,s,23,20,w,00:16:23:586,00:16:34:294
Flex1_S19.opf,Flex1,19,s,24,36,s,00:16:48:202,00:16:52:858
Flex1_S19.opf,Flex1,19,s,25,0,w,00:17:17:544,00:17:27:606
Flex1_S19.opf,Flex1,19,s,26,0,w,00:17:40:290,00:17:43:076
Flex1_S19.opf,Flex1,19,s,27,37,s,00:18:12:488,00:18:16:532
Flex1_S19.opf,Flex1,19,s,28,0,w,00:18:48:392,00:18:51:212
Flex1_S19.opf,Flex1,19,s,29,50,s,00:19:34:870,00:19:58:940
Flex1_S19.opf,Flex1,19,s,30,0,w,00:20:46:440,00:20:49:906
Flex1_S19.opf,Flex1,19,s,31,23,s,00:21:17:142,00:21:19:996
Flex1_S19.opf,Flex1,19,s,32,0,w,00:21:51:618,00:21:55:832
Flex1_S19.opf,Flex1,19,s,33,21,s,00:22:16:268,00:22:18:374
Flex1_S19.opf,Flex1,19,s,34,0,w,00:22:46:426,00:22:50:028
Flex1_S19.opf,Flex1,19,s,35,35,s,00:23:16:448,00:23:19:642
Flex1_S19.opf,Flex1,19,s,36,0,w,00:23:54:766,00:23:58:708
Flex1_S19.opf,Flex1,19,s,37,50,s,00:24:18:464,00:24:24:242
Flex1_S19.opf,Flex1,19,s,38,0,w,00:25:23:608,00:25:27:754
Flex1_S19.opf,Flex1,19,b,39,60,w,00:26:37:252,00:26:41:704
Flex1_S19.opf,Flex1,19,b,40,60,w,00:26:57:108,00:27:01:594
Flex1_S19.opf,Flex1,19,b,41,60,w,00:27:13:326,00:27:18:356
Flex1_S19.opf,Flex1,19,b,42,60,w,00:27:55:384,00:27:58:680
Flex1_S19.opf,Flex1,19,b,43,52,w,00:28:22:278,00:28:26:832
Flex1_S19.opf,Flex1,19,b,44,44,w,00:28:53:728,00:29:01:546
Flex1_S19.opf,Flex1,19,b,45,36,w,00:29:26:198,00:29:29:868
Flex1_S19.opf,Flex1,19,b,46,28,w,00:29:51:188,00:29:58:122
Flex1_S19.opf,Flex1,19,b,47,20,w,00:30:40:760,00:30:48:816
Flex1_S19.opf,Flex1,19,b,48,20,w,00:31:04:322,00:31:12:718
Flex1_S19.opf,Flex1,19,b,49,12,f,00:31:34:480,00:32:19:324
Flex1_S19.opf,Flex1,19,b,50,12,s,00:32:52:306,00:33:23:074
Flex1_S19.opf,Flex1,19,b,51,60,w,00:34:01:020,00:34:05:574
Flex1_S19.opf,Flex1,19,b,52,28,w,00:34:27:064,00:34:33:964
Flex1_S19.opf,Flex1,19,b,53,12,s,00:34:51:714,00:35:23:570
Flex1_S19.opf,Flex1,19,b,54,60,w,00:36:03:488,00:36:07:430
Flex1_S19.opf,Flex1,19,b,55,36,w,00:36:27:322,00:36:32:556
Flex1_S19.opf,Flex1,19,b,56,16,w,00:36:54:998,00:37:11:010
Flex1_S19.opf,Flex1,19,b,57,16,w,00:37:24:136,00:37:35:422
Flex1_S19.opf,Flex1,19,b,58,8,s,00:37:56:878,00:38:28:802
Flex1_S19.opf,Flex1,19,b,59,60,w,00:38:54:712,00:39:01:170
Flex1_S19.opf,Flex1,19,b,60,8,s,00:39:26:706,00:39:54:686
Flex1_S19.opf,Flex1,19,b,61,60,w,00:40:41:098,00:40:45:652
Flex1_S19.opf,Flex1,19,b,62,7,s,00:41:45:800,00:42:16:602
Flex1_S19.opf,Flex1,19,b,63,60,w,00:42:51:828,00:42:56:858
Flex1_S19.opf,Flex1,19,b,64,23,w,00:43:31:404,00:43:39:698
Flex1_S19.opf,Flex1,19,b,65,60,w,00:44:15:298,00:44:21:144
Flex1_S19.opf,Flex1,19,b,66,4,s,00:44:56:132,00:44:58:986
Flex1_S19.opf,Flex1,19,b,67,60,w,00:46:06:988,00:46:14:636
Flex1_S19.opf,Flex1,19,b,68,7,s,00:47:01:252,00:47:02:542
Flex1_S19.opf,Flex1,19,b,69,60,s,00:48:19:248,00:48:21:286
Flex1_S19.opf,Flex1,19,b,70,60,w,00:48:40:464,00:48:44:100
Flex1_S19.opf,Flex1,19,b,71,4,s,00:49:13:682,00:49:29:932
Flex1_S19.opf,Flex1,19,b,72,60,w,00:50:21:308,00:50:24:706
Flex1_S19.opf,Flex1,19,b,73,23,w,00:50:58:708,00:51:06:866
Flex1_S19.opf,Flex1,19,b,74,60,w,00:51:33:660,00:51:37:806
Flex1_S30.opf,Flex1,30,b,1,60,w,00:07:39:000,00:07:42:636
Flex1_S30.opf,Flex1,30,b,2,60,w,00:08:05:226,00:08:08:578
Flex1_S30.opf,Flex1,30,b,3,60,w,00:08:30:306,00:08:33:534
Flex1_S30.opf,Flex1,30,b,4,60,w,00:08:47:306,00:08:51:894
Flex1_S30.opf,Flex1,30,b,5,52,w,00:09:24:502,00:09:28:682
Flex1_S30.opf,Flex1,30,b,6,44,w,00:09:47:316,00:09:50:986
Flex1_S30.opf,Flex1,30,b,7,36,w,00:10:09:518,00:10:14:820
Flex1_S30.opf,Flex1,30,b,8,28,w,00:10:34:814,00:10:41:068
Flex1_S30.opf,Flex1,30,b,9,20,w,00:11:00:110,00:11:13:980
Flex1_S30.opf,Flex1,30,b,10,12,s,00:11:29:894,00:12:16:472
Flex1_S30.opf,Flex1,30,b,11,60,w,00:12:41:702,00:12:46:630
Flex1_S30.opf,Flex1,30,b,12,28,w,00:13:09:242,00:13:16:516
Flex1_S30.opf,Flex1,30,b,13,12,f,00:13:31:444,00:13:40:350
Flex1_S30.opf,Flex1,30,b,14,12,s,00:13:59:936,00:14:33:152
Flex1_S30.opf,Flex1,30,b,15,60,w,00:15:09:228,00:15:13:918
Flex1_S30.opf,Flex1,30,b,16,20,w,00:15:32:892,00:15:45:606
Flex1_S30.opf,Flex1,30,b,17,16,s,00:16:07:062,00:16:30:554
Flex1_S30.opf,Flex1,30,b,18,60,w,00:17:12:682,00:17:18:494
Flex1_S30.opf,Flex1,30,b,19,16,s,00:17:41:820,00:17:45:150
Flex1_S30.opf,Flex1,30,b,20,60,w,00:18:34:826,00:18:38:768
Flex1_S30.opf,Flex1,30,b,21,9,s,00:20:07:476,00:20:11:452
Flex1_S30.opf,Flex1,30,b,22,60,w,00:21:05:072,00:21:10:170
Flex1_S30.opf,Flex1,30,b,23,4,s,00:21:31:082,00:21:59:946
Flex1_S30.opf,Flex1,30,b,24,60,w,00:22:26:502,00:22:30:954
Flex1_S30.opf,Flex1,30,b,25,24,w,00:22:51:356,00:23:04:240
Flex1_S30.opf,Flex1,30,b,26,60,w,00:23:30:830,00:23:35:180
Flex1_S30.opf,Flex1,30,b,27,4,s,00:23:54:494,00:24:00:816
Flex1_S30.opf,Flex1,30,b,28,60,w,00:24:48:996,00:24:52:258
Flex1_S30.opf,Flex1,30,b,29,9,s,00:25:17:998,00:25:48:596
Flex1_S30.opf,Flex1,30,b,30,60,w,00:26:10:902,00:26:14:640
Flex1_S30.opf,Flex1,30,b,31,24,w,00:26:33:104,00:26:41:976
Flex1_S30.opf,Flex1,30,b,32,60,w,00:27:32:196,00:27:36:070
Flex1_S30.opf,Flex1,30,b,33,24,w,00:27:57:050,00:28:04:970
Flex1_S30.opf,Flex1,30,b,34,60,w,00:28:27:242,00:28:31:422
Flex1_S30.opf,Flex1,30,s,35,0,w,00:30:39:944,00:30:46:334
Flex1_S30.opf,Flex1,30,s,36,0,w,00:30:53:646,00:30:56:602
Flex1_S30.opf,Flex1,30,s,37,0,w,00:31:02:996,00:31:05:680
Flex1_S30.opf,Flex1,30,s,38,0,w,00:31:13:876,00:31:18:464
Flex1_S30.opf,Flex1,30,s,39,8,w,00:31:50:188,00:31:55:286
Flex1_S30.opf,Flex1,30,s,40,16,w,00:32:06:576,00:32:13:238
Flex1_S30.opf,Flex1,30,s,41,16,f,00:32:23:576,00:32:25:308
Flex1_S30.opf,Flex1,30,s,42,0,w,00:32:47:444,00:32:52:066
Flex1_S30.opf,Flex1,30,s,43,8,w,00:33:01:860,00:33:07:162
Flex1_S30.opf,Flex1,30,s,44,16,f,00:33:14:542,00:33:16:920
Flex1_S30.opf,Flex1,30,s,45,0,w,00:33:34:092,00:33:37:252
Flex1_S30.opf,Flex1,30,s,46,12,w,00:33:46:094,00:33:50:648
Flex1_S30.opf,Flex1,30,s,47,12,w,00:34:00:306,00:34:05:608
Flex1_S30.opf,Flex1,30,s,48,20,w,00:34:14:008,00:34:20:602
Flex1_S30.opf,Flex1,30,s,49,20,w,00:34:28:492,00:34:34:610
Flex1_S30.opf,Flex1,30,s,50,28,f,00:34:42:602,00:34:45:490
Flex1_S30.opf,Flex1,30,s,51,28,f,00:34:57:698,00:35:04:190
Flex1_S30.opf,Flex1,30,s,52,0,w,00:35:21:974,00:35:26:902
Flex1_S30.opf,Flex1,30,s,53,16,w,00:35:39:280,00:35:45:874
Flex1_S30.opf,Flex1,30,s,54,16,w,00:36:11:920,00:36:16:134
Flex1_S30.opf,Flex1,30,s,55,24,w,00:36:27:254,00:36:35:242
Flex1_S30.opf,Flex1,30,s,56,24,w,00:36:46:770,00:36:53:228
Flex1_S30.opf,Flex1,30,s,57,32,s,00:37:03:668,00:37:06:930
Flex1_S30.opf,Flex1,30,s,58,0,w,00:37:52:764,00:37:57:012
Flex1_S30.opf,Flex1,30,s,59,32,s,00:38:09:356,00:38:14:760
Flex1_S30.opf,Flex1,30,s,60,0,w,00:38:40:908,00:38:44:952
Flex1_S30.opf,Flex1,30,s,61,16,w,00:38:56:412,00:39:05:352
Flex1_S30.opf,Flex1,30,s,62,0,w,00:39:15:010,00:39:18:680
Flex1_S30.opf,Flex1,30,s,63,0,w,00:39:29:086,00:39:34:354
Flex1_S30.opf,Flex1,30,s,64,0,w,00:40:07:404,00:40:12:842
Flex1_S30.opf,Flex1,30,s,65,0,w,00:40:24:064,00:40:28:074
Flex1_S30.opf,Flex1,30,s,66,31,s,00:40:44:498,00:40:47:896
Flex1_S30.opf,Flex1,30,s,67,0,w,00:41:15:064,00:41:21:250
Flex1_S30.opf,Flex1,30,s,68,17,w,00:41:41:312,00:41:47:124
Flex1_S30.opf,Flex1,30,s,69,0,w,00:41:59:468,00:42:05:484
Flex1_S30.opf,Flex1,30,s,70,50,s,00:42:15:516,00:42:19:118
Flex1_S30.opf,Flex1,30,s,71,0,w,00:42:50:604,00:42:54:614
Flex1_S30.opf,Flex1,30,s,72,17,w,00:43:06:448,00:43:15:354
Flex1_S30.opf,Flex1,30,s,73,0,w,00:43:26:916,00:43:31:300
Flex1_S30.opf,Flex1,30,s,74,31,s,00:43:41:944,00:43:44:560
Flex1_S30.opf,Flex1,30,s,75,0,w,00:44:11:694,00:44:15:568
Flex1_S30.opf,Flex1,30,s,76,50,s,00:44:27:368,00:44:29:134
Flex1_S30.opf,Flex1,30,s,77,0,w,00:45:01:674,00:45:06:772
Flex1_S30.opf,Flex1,30,s,78,17,s,00:45:28:194,00:45:30:572
Flex1_S30.opf,Flex1,30,s,79,0,w,00:46:02:874,00:46:06:680
Flex1_S30.opf,Flex1,30,s,80,31,s,00:46:16:610,00:46:18:342
Flex1_S30.opf,Flex1,30,s,81,0,w,00:46:42:518,00:46:46:426
Flex1_S30.opf,Flex1,30,s,82,50,s,00:47:03:122,00:47:04:344
Flex1_S30.opf,Flex1,30,s,83,0,w,00:47:33:076,00:47:36:814
Flex1_S24.opf,Flex1,24,s,1,0,w,00:04:55:460,00:04:58:552
Flex1_S24.opf,Flex1,24,s,2,0,w,00:05:11:032,00:05:15:008
Flex1_S24.opf,Flex1,24,s,3,0,w,00:05:23:408,00:05:27:962
Flex1_S24.opf,Flex1,24,s,4,0,w,00:06:08:186,00:06:11:380
Flex1_S24.opf,Flex1,24,s,5,8,w,00:06:24:438,00:06:29:910
Flex1_S24.opf,Flex1,24,s,6,16,w,00:06:38:582,00:06:44:428
Flex1_S24.opf,Flex1,24,s,7,24,s,00:06:53:508,00:07:09:248
Flex1_S24.opf,Flex1,24,s,8,0,w,00:07:35:430,00:07:41:446
Flex1_S24.opf,Flex1,24,s,9,16,s,00:07:49:234,00:07:54:468
Flex1_S24.opf,Flex1,24,s,10,0,w,00:09:43:134,00:09:47:076
Flex1_S24.opf,Flex1,24,s,11,0,w,00:09:55:136,00:09:59:350
Flex1_S24.opf,Flex1,24,s,12,0,w,00:10:54:160,00:10:58:952
Flex1_S24.opf,Flex1,24,s,13,0,w,00:11:12:996,00:11:16:394
Flex1_S24.opf,Flex1,24,s,14,4,w,00:11:35:334,00:11:39:922
Flex1_S24.opf,Flex1,24,b,15,60,w,00:13:30:288,00:13:34:638
Flex1_S24.opf,Flex1,24,b,16,60,w,00:13:44:976,00:13:50:516
Flex1_S24.opf,Flex1,24,b,17,60,w,00:13:58:678,00:14:04:320
Flex1_S24.opf,Flex1,24,b,18,60,w,00:14:14:488,00:14:19:178
Flex1_S24.opf,Flex1,24,b,19,52,w,00:14:41:994,00:14:46:956
Flex1_S24.opf,Flex1,24,b,20,44,w,00:15:05:454,00:15:12:184
Flex1_S24.opf,Flex1,24,b,21,36,w,00:15:26:602,00:15:36:256
Flex1_S24.opf,Flex1,24,b,22,28,w,00:15:55:706,00:16:07:638
Flex1_S24.opf,Flex1,24,b,23,20,s,00:16:23:314,00:16:33:240
Flex1_S24.opf,Flex1,24,b,24,60,w,00:17:41:956,00:17:46:952
Flex1_S24.opf,Flex1,24,b,25,36,w,00:18:20:138,00:18:25:746
Flex1_S24.opf,Flex1,24,b,26,20,w,00:18:45:468,00:18:57:876
Flex1_S24.opf,Flex1,24,b,27,20,w,00:19:09:540,00:19:19:772
Flex1_S24.opf,Flex1,24,b,28,12,e,00:19:39:902,00:19:58:464
Flex1_S24.opf,Flex1,24,b,29,12,s,00:20:30:494,00:20:37:122
Flex1_S24.opf,Flex1,24,b,30,60,w,00:22:01:818,00:22:06:848
Flex1_S24.opf,Flex1,24,b,31,60,w,00:22:15:486,00:22:20:278
Flex1_S24.opf,Flex1,24,b,32,32,w,00:22:38:028,00:22:43:636
Flex1_S24.opf,Flex1,24,b,33,12,s,00:23:03:358,00:23:09:000
Flex1_S24.opf,Flex1,24,b,34,60,w,00:23:45:722,00:23:52:486
Flex1_S24.opf,Flex1,24,b,35,32,w,00:24:13:466,00:24:20:842
Flex1_S24.opf,Flex1,24,b,36,16,s,00:24:41:516,00:24:49:776
Flex1_S24.opf,Flex1,24,b,37,60,w,00:25:24:526,00:25:30:644
Flex1_S24.opf,Flex1,24,b,38,40,w,00:25:46:592,00:25:52:472
Flex1_S24.opf,Flex1,24,b,39,16,s,00:26:08:420,00:26:13:042
Flex1_S24.opf,Flex1,24,b,40,60,w,00:26:52:824,00:26:58:908
Flex1_S24.opf,Flex1,24,b,41,60,w,00:27:25:022,00:27:30:018
Flex1_S24.opf,Flex1,24,b,42,4,s,00:27:48:006,00:27:50:928
Flex1_S24.opf,Flex1,24,b,43,60,w,00:28:29:146,00:28:34:550
Flex1_S24.opf,Flex1,24,b,44,25,s,00:29:00:392,00:29:03:654
Flex1_S24.opf,Flex1,24,b,45,60,w,00:29:56:764,00:30:01:386
Flex1_S24.opf,Flex1,24,b,46,9,s,00:30:23:658,00:30:31:204
Flex1_S24.opf,Flex1,24,b,47,60,w,00:31:17:378,00:31:22:102
Flex1_S24.opf,Flex1,24,b,48,9,s,00:31:48:352,00:31:50:560
Flex1_S24.opf,Flex1,24,b,49,60,w,00:32:31:090,00:32:36:664
Flex1_S24.opf,Flex1,24,b,50,4,s,00:32:59:888,00:33:00:634
Flex1_S24.opf,Flex1,24,b,51,60,w,00:33:52:996,00:33:57:482
Flex1_S24.opf,Flex1,24,b,52,25,w,00:34:25:228,00:34:36:990
Flex1_S24.opf,Flex1,24,b,53,60,w,00:35:01:982,00:35:06:366
Flex1_S24.opf,Flex1,24,s,54,0,w,00:35:54:274,00:35:58:828
Flex1_S24.opf,Flex1,24,s,55,0,w,00:36:08:826,00:36:14:400
Flex1_S24.opf,Flex1,24,s,56,8,w,00:36:37:352,00:36:42:552
Flex1_S24.opf,Flex1,24,s,57,16,w,00:36:54:216,00:36:59:620
Flex1_S24.opf,Flex1,24,s,58,24,f,00:37:09:346,00:37:12:880
Flex1_S24.opf,Flex1,24,s,59,24,s,00:37:33:928,00:37:35:184
Flex1_S24.opf,Flex1,24,s,60,0,w,00:38:02:522,00:38:06:226
Flex1_S24.opf,Flex1,24,s,61,12,w,00:38:16:496,00:38:22:104
Flex1_S24.opf,Flex1,24,s,62,20,s,00:38:34:380,00:38:36:146
Flex1_S24.opf,Flex1,24,s,63,0,w,00:39:07:020,00:39:11:098
Flex1_S24.opf,Flex1,24,s,64,12,w,00:39:21:232,00:39:27:112
Flex1_S24.opf,Flex1,24,s,65,20,s,00:39:39:116,00:39:40:882
Flex1_S24.opf,Flex1,24,s,66,0,w,00:40:10:532,00:40:14:678
Flex1_S24.opf,Flex1,24,s,67,0,w,00:41:11:188,00:41:14:348
Flex1_S24.opf,Flex1,24,s,68,0,w,00:41:23:190,00:41:27:098
Flex1_S24.opf,Flex1,24,s,69,0,w,00:41:36:858,00:41:40:222
Flex1_S24.opf,Flex1,24,s,70,26,s,00:41:57:054,00:41:59:194
Flex1_S24.opf,Flex1,24,s,71,0,w,00:42:27:348,00:42:31:358
Flex1_S24.opf,Flex1,24,s,72,50,s,00:42:43:872,00:42:52:506
Flex1_S24.opf,Flex1,24,s,73,0,w,00:43:23:312,00:43:27:016
Flex1_S24.opf,Flex1,24,s,74,16,s,00:43:40:686,00:43:41:976
Flex1_S24.opf,Flex1,24,s,75,26,s,00:44:10:266,00:44:12:032
Flex1_S24.opf,Flex1,24,s,76,0,w,00:44:47:122,00:44:50:860
Flex1_S24.opf,Flex1,24,s,77,50,s,00:45:06:740,00:45:07:826
Flex1_S24.opf,Flex1,24,s,78,0,w,00:45:36:728,00:45:40:398
Flex1_S24.opf,Flex1,24,s,79,26,s,00:45:51:178,00:45:53:080
Flex1_S24.opf,Flex1,24,s,80,0,w,00:46:13:822,00:46:18:172
Flex1_S20.opf,Flex1,20,b,1,60,w,00:05:27:522,00:05:34:830
Flex1_S20.opf,Flex1,20,b,2,60,w,00:05:46:800,00:05:52:000
Flex1_S20.opf,Flex1,20,b,3,60,w,00:06:03:222,00:06:08:524
Flex1_S20.opf,Flex1,20,b,4,60,w,00:06:19:610,00:06:25:728
Flex1_S20.opf,Flex1,20,b,5,52,w,00:06:49:326,00:06:54:050
Flex1_S20.opf,Flex1,20,b,6,44,w,00:07:33:288,00:07:40:120
Flex1_S20.opf,Flex1,20,b,7,36,w,00:08:05:418,00:08:12:998
Flex1_S20.opf,Flex1,20,b,8,28,w,00:08:41:424,00:08:49:616
Flex1_S20.opf,Flex1,20,b,9,20,w,00:09:07:876,00:09:16:578
Flex1_S20.opf,Flex1,20,b,10,12,e,00:09:40:516,00:10:14:412
Flex1_S20.opf,Flex1,20,b,11,12,w,00:10:55:146,00:11:27:070
Flex1_S20.opf,Flex1,20,b,12,12,f,00:11:51:008,00:11:55:528
Flex1_S20.opf,Flex1,20,b,13,12,w,00:12:16:032,00:12:59:244
Flex1_S20.opf,Flex1,20,b,14,4,s,00:13:23:658,00:14:00:566
Flex1_S20.opf,Flex1,20,b,15,60,w,00:14:23:124,00:14:31:452
Flex1_S20.opf,Flex1,20,b,16,20,w,00:14:56:342,00:15:08:240
Flex1_S20.opf,Flex1,20,b,17,8,s,00:15:35:578,00:16:09:236
Flex1_S20.opf,Flex1,20,b,18,60,w,00:16:32:902,00:16:41:196
Flex1_S20.opf,Flex1,20,b,19,8,s,00:17:09:057,00:17:41:920
Flex1_S20.opf,Flex1,20,b,20,60,w,00:18:07:116,00:18:12:554
Flex1_S20.opf,Flex1,20,b,21,4,s,00:18:56:892,00:19:29:836
Flex1_S20.opf,Flex1,20,b,22,60,w,00:19:57:922,00:20:04:958
Flex1_S20.opf,Flex1,20,b,23,60,w,00:20:25:020,00:20:29:064
Flex1_S20.opf,Flex1,20,b,24,60,w,00:20:52:594,00:20:58:100
Flex1_S20.opf,Flex1,20,b,25,17,w,00:21:22:004,00:21:52:704
Flex1_S20.opf,Flex1,20,b,26,60,w,00:22:15:214,00:22:22:012
Flex1_S20.opf,Flex1,20,b,27,60,w,00:25:44:008,00:25:49:684
Flex1_S20.opf,Flex1,20,b,28,4,s,00:26:25:522,00:26:58:806
Flex1_S20.opf,Flex1,20,b,29,60,w,00:27:20:500,00:27:25:394
Flex1_S20.opf,Flex1,20,b,30,4,s,00:27:52:290,00:28:25:676
Flex1_S20.opf,Flex1,20,b,31,60,w,00:28:53:252,00:28:58:180
Flex1_S20.opf,Flex1,20,b,32,17,w,00:29:26:130,00:30:02:644
Flex1_S20.opf,Flex1,20,b,33,60,w,00:30:31:478,00:30:37:324
Flex1_S20.opf,Flex1,20,b,34,17,s,00:30:59:868,00:31:34:818
Flex1_S20.opf,Flex1,20,b,35,60,w,00:32:06:270,00:32:11:606
Flex1_S20.opf,Flex1,20,b,36,4,s,00:32:43:840,00:33:16:886
Flex1_S20.opf,Flex1,20,b,37,60,w,00:33:38:920,00:33:43:372
Flex1_S20.opf,Flex1,20,b,38,4,s,00:34:08:228,00:34:29:476
Flex1_S20.opf,Flex1,20,b,39,60,w,00:35:13:100,00:35:18:572
Flex1_S20.opf,Flex1,20,s,40,0,w,00:35:44:992,00:35:49:614
Flex1_S20.opf,Flex1,20,s,41,0,w,00:35:56:722,00:36:00:290
Flex1_S20.opf,Flex1,20,s,42,0,w,00:36:07:738,00:36:11:238
Flex1_S20.opf,Flex1,20,s,43,0,w,00:36:23:004,00:36:26:198
Flex1_S20.opf,Flex1,20,s,44,8,w,00:36:39:358,00:36:46:666
Flex1_S20.opf,Flex1,20,s,45,16,w,00:36:55:474,00:37:01:524
Flex1_S20.opf,Flex1,20,s,46,24,w,00:37:14:582,00:37:29:166
Flex1_S20.opf,Flex1,20,s,47,32,s,00:37:40:456,00:37:47:050
Flex1_S20.opf,Flex1,20,s,48,0,w,00:38:20:304,00:38:24:076
Flex1_S20.opf,Flex1,20,s,49,24,s,00:38:36:760,00:38:39:784
Flex1_S20.opf,Flex1,20,s,50,0,w,00:39:14:126,00:39:17:898
Flex1_S20.opf,Flex1,20,s,51,12,s,00:39:36:600,00:39:39:216
Flex1_S20.opf,Flex1,20,s,52,0,w,00:40:29:300,00:40:33:446
Flex1_S20.opf,Flex1,20,s,53,8,w,00:41:14:520,00:41:18:088
Flex1_S20.opf,Flex1,20,s,54,16,s,00:41:30:330,00:41:32:470
Flex1_S20.opf,Flex1,20,s,55,0,w,00:42:41:424,00:42:44:550
Flex1_S20.opf,Flex1,20,s,56,8,w,00:42:53:664,00:42:58:218
Flex1_S20.opf,Flex1,20,s,57,16,w,00:43:05:938,00:43:10:492
Flex1_S20.opf,Flex1,20,s,58,24,s,00:43:19:266,00:43:22:630
Flex1_S20.opf,Flex1,20,s,59,0,w,00:43:41:196,00:43:45:172
Flex1_S20.opf,Flex1,20,s,60,12,w,00:43:53:402,00:43:59:860
Flex1_S20.opf,Flex1,20,s,61,24,s,00:44:08:906,00:44:11:590
Flex1_S20.opf,Flex1,20,s,62,0,w,00:44:30:462,00:44:35:866
Flex1_S20.opf,Flex1,20,s,63,20,s,00:44:47:530,00:44:51:098
Flex1_S20.opf,Flex1,20,s,64,0,s,00:45:08:032,00:45:10:172
Flex1_S20.opf,Flex1,20,s,65,0,w,00:45:33:600,00:45:37:678
Flex1_S20.opf,Flex1,20,s,66,12,w,00:45:50:906,00:46:00:016
Flex1_S20.opf,Flex1,20,s,67,20,s,00:46:08:654,00:46:21:402
Flex1_S20.opf,Flex1,20,s,68,0,w,00:46:36:500,00:46:40:748
Flex1_S20.opf,Flex1,20,s,69,0,w,00:46:56:492,00:46:59:312
Flex1_S20.opf,Flex1,20,s,70,0,w,00:47:14:546,00:47:26:478
Flex1_S20.opf,Flex1,20,s,71,50,s,00:47:40:590,00:47:43:444
Flex1_S20.opf,Flex1,20,s,72,0,w,00:48:35:874,00:48:39:612
Flex1_S20.opf,Flex1,20,s,73,35,s,00:48:50:256,00:48:56:918
Flex1_S20.opf,Flex1,20,s,74,0,w,00:49:25:616,00:49:29:864
Flex1_S20.opf,Flex1,20,s,75,21,s,00:49:41:460,00:50:06:788
Flex1_S20.opf,Flex1,20,s,76,0,w,00:50:30:624,00:50:35:552
Flex1_S20.opf,Flex1,20,s,77,50,s,00:50:48:508,00:50:51:362
Flex1_S20.opf,Flex1,20,s,78,0,w,00:51:42:670,00:51:46:000
Flex1_S20.opf,Flex1,20,s,79,35,s,00:52:13:644,00:52:15:784
Flex1_S20.opf,Flex1,20,s,80,0,w,00:52:50:398,00:52:54:204
Flex1_S20.opf,Flex1,20,s,81,21,s,00:53:12:430,00:53:14:536
Flex1_S20.opf,Flex1,20,s,82,0,w,00:53:52:278,00:53:55:472
Flex1_S21.opf,Flex1,21,s,1,0,w,00:04:59:608,00:05:05:318
Flex1_S21.opf,Flex1,21,s,2,0,w,00:05:16:812,00:05:21:264
Flex1_S21.opf,Flex1,21,s,3,0,w,00:05:29:902,00:05:34:184
Flex1_S21.opf,Flex1,21,s,4,0,w,00:05:41:122,00:05:45:948
Flex1_S21.opf,Flex1,21,s,5,8,s,00:05:55:198,00:05:59:480
Flex1_S21.opf,Flex1,21,s,6,16,f,00:06:11:280,00:06:16:378
Flex1_S21.opf,Flex1,21,s,7,16,f,00:06:42:934,00:07:03:672
Flex1_S21.opf,Flex1,21,s,8,12,s,00:07:27:848,00:07:35:462
Flex1_S21.opf,Flex1,21,s,9,12,w,00:07:59:230,00:08:15:854
Flex1_S21.opf,Flex1,21,s,10,12,f,00:08:25:750,00:08:41:048
Flex1_S21.opf,Flex1,21,s,11,12,w,00:09:20:592,00:09:33:544
Flex1_S21.opf,Flex1,21,s,12,20,s,00:09:55:136,00:10:04:348
Flex1_S21.opf,Flex1,21,s,13,0,w,00:11:10:004,00:11:14:762
Flex1_S21.opf,Flex1,21,s,14,8,w,00:11:39:074,00:11:50:258
Flex1_S21.opf,Flex1,21,s,15,20,s,00:12:04:302,00:12:30:650
Flex1_S21.opf,Flex1,21,s,16,0,w,00:13:09:888,00:13:16:822
Flex1_S21.opf,Flex1,21,s,17,0,w,00:13:36:714,00:13:40:588
Flex1_S21.opf,Flex1,21,s,18,0,w,00:13:51:198,00:13:54:698
Flex1_S21.opf,Flex1,21,s,19,0,w,00:14:06:634,00:14:10:746
Flex1_S21.opf,Flex1,21,s,20,50,s,00:14:23:600,00:14:33:798
Flex1_S21.opf,Flex1,21,s,21,0,w,00:15:21:196,00:15:26:124
Flex1_S21.opf,Flex1,21,s,22,5,w,00:15:41:970,00:15:48:326
Flex1_S21.opf,Flex1,21,s,23,0,w,00:15:57:134,00:16:02:028
Flex1_S21.opf,Flex1,21,s,24,19,s,00:16:18:690,00:16:23:142
Flex1_S21.opf,Flex1,21,s,25,0,w,00:17:02:924,00:17:07:138
Flex1_S21.opf,Flex1,21,s,26,5,w,00:17:19:380,00:17:26:688
Flex1_S21.opf,Flex1,21,s,27,0,w,00:17:36:278,00:17:40:866
Flex1_S21.opf,Flex1,21,s,28,19,s,00:17:52:734,00:18:06:944
Flex1_S21.opf,Flex1,21,s,29,0,w,00:18:48:358,00:18:52:504
Flex1_S21.opf,Flex1,21,s,30,50,s,00:19:07:874,00:19:18:582
Flex1_S21.opf,Flex1,21,s,31,0,w,00:20:29:032,00:20:33:450
Flex1_S21.opf,Flex1,21,s,32,19,s,00:20:52:186,00:20:56:502
Flex1_S21.opf,Flex1,21,s,33,0,w,00:21:27:206,00:21:31:352
Flex1_S21.opf,Flex1,21,b,34,60,w,00:23:16:210,00:23:24:912
Flex1_S21.opf,Flex1,21,b,35,60,w,00:24:02:280,00:24:10:404
Flex1_S21.opf,Flex1,21,b,36,60,w,00:24:20:334,00:24:28:798
Flex1_S21.opf,Flex1,21,b,37,60,w,00:24:36:654,00:24:43:826
Flex1_S21.opf,Flex1,21,b,38,52,w,00:25:13:510,00:25:20:308
Flex1_S21.opf,Flex1,21,b,39,44,w,00:25:39:520,00:25:46:522
Flex1_S21.opf,Flex1,21,b,40,36,w,00:26:03:966,00:26:16:782
Flex1_S21.opf,Flex1,21,b,41,28,s,00:26:41:162,00:26:47:144
Flex1_S21.opf,Flex1,21,b,42,60,w,00:27:33:046,00:27:44:298
Flex1_S21.opf,Flex1,21,b,43,36,w,00:28:06:876,00:28:16:360
Flex1_S21.opf,Flex1,21,b,44,28,s,00:28:41:318,00:29:09:332
Flex1_S21.opf,Flex1,21,b,45,28,w,00:29:42:552,00:30:15:190
Flex1_S21.opf,Flex1,21,b,46,28,w,00:30:25:868,00:31:01:158
Flex1_S21.opf,Flex1,21,b,47,60,w,00:31:45:530,00:31:54:096
Flex1_S21.opf,Flex1,21,b,48,44,w,00:32:18:136,00:32:29:660
Flex1_S21.opf,Flex1,21,b,49,28,w,00:32:45:472,00:33:11:650
Flex1_S21.opf,Flex1,21,b,50,20,s,00:33:31:916,00:33:55:476
Flex1_S21.opf,Flex1,21,b,51,60,w,00:34:30:668,00:34:40:288
Flex1_S21.opf,Flex1,21,b,52,36,w,00:35:10:176,00:35:19:218
Flex1_S21.opf,Flex1,21,b,53,24,s,00:35:38:430,00:35:47:404
Flex1_S21.opf,Flex1,21,b,54,24,f,00:36:17:360,00:36:22:458
Flex1_S21.opf,Flex1,21,b,55,24,f,00:36:50:646,00:37:45:146
Flex1_S21.opf,Flex1,21,b,56,60,w,00:38:32:646,00:38:39:652
Flex1_S21.opf,Flex1,21,b,57,20,s,00:39:20:722,00:39:27:860
Flex1_S21.opf,Flex1,21,b,58,60,w,00:40:04:990,00:40:10:836
Flex1_S21.opf,Flex1,21,b,59,60,w,00:40:28:892,00:40:34:092
Flex1_S21.opf,Flex1,21,b,60,33,w,00:41:01:532,00:41:35:462
Flex1_S21.opf,Flex1,21,b,61,60,w,00:41:59:876,00:42:05:756
Flex1_S21.opf,Flex1,21,b,62,4,f,00:42:27:892,00:43:00:598
Flex1_S21.opf,Flex1,21,b,63,60,w,00:43:48:744,00:43:54:114
Flex1_S21.opf,Flex1,21,b,64,18,f,00:44:14:822,00:44:18:322
Flex1_S21.opf,Flex1,21,b,65,60,w,00:44:48:006,00:44:53:410
Flex1_S21.opf,Flex1,21,b,66,18,s,00:45:07:998,00:45:21:290
Flex1_S21.opf,Flex1,21,b,67,60,w,00:45:57:162,00:46:03:314
Flex1_S21.opf,Flex1,21,b,68,4,s,00:46:27:592,00:46:33:914
Flex1_S21.opf,Flex1,21,b,69,60,w,00:47:31:444,00:47:37:936
Flex1_S21.opf,Flex1,21,b,70,33,w,00:48:13:604,00:48:28:834
Flex1_S21.opf,Flex1,21,b,71,60,w,00:48:46:278,00:49:01:440
Flex1_S37.opf,Flex1,37,s,1,0,w,00:21:18:366,00:21:23:906
Flex1_S37.opf,Flex1,37,s,2,0,w,00:21:44:886,00:21:49:508
Flex1_S37.opf,Flex1,37,s,3,0,w,00:22:00:356,00:22:03:992
Flex1_S37.opf,Flex1,37,s,4,0,w,00:22:18:988,00:22:32:586
Flex1_S37.opf,Flex1,37,s,5,8,w,00:23:04:820,00:23:09:714
Flex1_S37.opf,Flex1,37,s,6,16,f,00:23:23:010,00:23:27:938
Flex1_S37.opf,Flex1,37,s,7,16,f,00:23:50:618,00:24:04:216
Flex1_S37.opf,Flex1,37,s,8,0,w,00:24:35:192,00:24:40:222
Flex1_S37.opf,Flex1,37,s,9,8,w,00:24:49:676,00:24:57:868
Flex1_S37.opf,Flex1,37,s,10,12,f,00:25:11:130,00:25:16:364
Flex1_S37.opf,Flex1,37,s,11,12,s,00:25:29:864,00:26:12:872
Flex1_S37.opf,Flex1,37,s,12,0,w,00:26:46:670,00:26:54:250
Flex1_S37.opf,Flex1,37,s,13,4,w,00:27:03:840,00:27:11:930
Flex1_S37.opf,Flex1,37,s,14,12,w,00:27:24:002,00:27:35:254
Flex1_S37.opf,Flex1,37,s,15,12,w,00:27:54:738,00:28:24:996
Flex1_S37.opf,Flex1,37,s,16,20,f,00:28:37:102,00:29:03:348
Flex1_S37.opf,Flex1,37,s,17,0,w,00:29:24:260,00:29:29:596
Flex1_S37.opf,Flex1,37,s,18,8,w,00:29:38:744,00:29:46:188
Flex1_S37.opf,Flex1,37,s,19,20,f,00:30:00:300,00:30:11:416
Flex1_S37.opf,Flex1,37,s,20,0,w,00:30:30:900,00:30:38:514
Flex1_S37.opf,Flex1,37,s,21,0,w,00:30:48:818,00:30:54:086
Flex1_S37.opf,Flex1,37,s,22,0,w,00:31:02:520,00:31:07:720
Flex1_S37.opf,Flex1,37,s,23,0,w,00:31:20:098,00:31:26:930
Flex1_S37.opf,Flex1,37,s,24,50,s,00:31:40:022,00:32:05:316
Flex1_S37.opf,Flex1,37,s,25,0,w,00:32:35:952,00:32:40:574
Flex1_S37.opf,Flex1,37,s,26,5,w,00:32:54:720,00:33:00:770
Flex1_S37.opf,Flex1,37,s,27,0,w,00:33:12:808,00:33:19:334
Flex1_S37.opf,Flex1,37,b,28,60,w,00:35:11:332,00:35:20:442
Flex1_S37.opf,Flex1,37,b,29,60,w,00:35:38:600,00:35:49:444
Flex1_S37.opf,Flex1,37,b,30,60,w,00:35:57:708,00:36:05:730
Flex1_S37.opf,Flex1,37,b,31,60,w,00:36:13:348,00:36:25:586
Flex1_S37.opf,Flex1,37,b,32,52,w,00:36:50:408,00:37:01:762
Flex1_S37.opf,Flex1,37,b,33,44,w,00:37:26:584,00:37:34:912
Flex1_S37.opf,Flex1,37,b,34,36,w,00:37:53:410,00:38:01:398
Flex1_S37.opf,Flex1,37,b,35,28,w,00:38:17:924,00:38:31:930
Flex1_S37.opf,Flex1,37,b,36,20,f,00:38:54:066,00:38:58:280
Flex1_S37.opf,Flex1,37,b,37,20,w,00:39:13:616,00:39:38:842
Flex1_S37.opf,Flex1,37,b,38,36,w,00:40:18:794,00:40:30:488
Flex1_S37.opf,Flex1,37,b,39,20,w,00:40:53:406,00:41:05:236
Flex1_S37.opf,Flex1,37,b,40,12,f,00:41:21:762,00:41:27:914
Flex1_S37.opf,Flex1,37,b,41,12,s,00:41:47:772,00:42:25:272
Flex1_S37.opf,Flex1,37,b,42,60,w,00:42:50:876,00:43:00:020
Flex1_S37.opf,Flex1,37,b,43,28,w,00:43:14:948,00:43:23:922
Flex1_S37.opf,Flex1,37,b,44,16,s,00:43:54:626,00:44:27:604
Flex1_S37.opf,Flex1,37,b,45,60,w,00:44:53:378,00:45:05:446
Flex1_S37.opf,Flex1,37,b,46,32,w,00:45:20:068,00:45:28:158
Flex1_S37.opf,Flex1,37,b,47,16,s,00:45:48:968,00:45:52:230
Flex1_S37.opf,Flex1,37,b,48,60,w,00:46:59:654,00:47:08:050
Flex1_S37.opf,Flex1,37,b,49,60,w,00:47:19:102,00:47:25:220
Flex1_S37.opf,Flex1,37,b,50,60,w,00:47:43:650,00:47:50:278
Flex1_S37.opf,Flex1,37,b,51,27,f,00:48:17:956,00:48:23:292
Flex1_S37.opf,Flex1,37,b,52,60,w,00:48:48:420,00:48:55:422
Flex1_S37.opf,Flex1,37,b,53,4,s,00:49:18:136,00:49:21:806
Flex1_S37.opf,Flex1,37,b,54,60,w,00:50:12:672,00:50:20:014
Flex1_S37.opf,Flex1,37,b,55,4,s,00:50:41:028,00:50:51:634
Flex1_S37.opf,Flex1,37,b,56,60,w,00:51:38:556,00:51:44:266
Flex1_S37.opf,Flex1,37,b,57,27,w,00:52:08:170,00:52:15:342
Flex1_S37.opf,Flex1,37,b,58,60,w,00:52:34:758,00:52:39:380
Flex1_S44.opf,Flex1,44,s,1,0,w,00:03:54:179,00:04:05:172
Flex1_S44.opf,Flex1,44,s,2,0,w,00:04:14:320,00:04:18:126
Flex1_S44.opf,Flex1,44,s,3,0,w,00:04:25:132,00:04:31:998
Flex1_S44.opf,Flex1,44,s,4,0,w,00:04:51:720,00:04:58:348
Flex1_S44.opf,Flex1,44,s,5,0,w,00:05:06:000,00:05:11:812
Flex1_S44.opf,Flex1,44,s,6,8,w,00:05:24:530,00:05:31:396
Flex1_S44.opf,Flex1,44,s,7,16,f,00:05:44:556,00:06:00:908
Flex1_S44.opf,Flex1,44,s,8,16,f,00:06:16:074,00:06:32:902
Flex1_S44.opf,Flex1,44,s,9,0,w,00:06:49:020,00:06:55:988
Flex1_S44.opf,Flex1,44,s,10,8,w,00:07:08:298,00:07:14:348
Flex1_S44.opf,Flex1,44,s,11,12,w,00:07:22:544,00:07:31:722
Flex1_S44.opf,Flex1,44,s,12,12,w,00:07:41:686,00:07:49:130
Flex1_S44.opf,Flex1,44,s,13,12,f,00:08:16:638,00:08:32:106
Flex1_S44.opf,Flex1,44,s,14,0,w,00:08:47:204,00:08:51:792
Flex1_S44.opf,Flex1,44,s,15,0,w,00:09:01:144,00:09:05:902
Flex1_S44.opf,Flex1,44,s,16,0,w,00:09:13:656,00:09:18:890
Flex1_S44.opf,Flex1,44,s,17,0,w,00:09:28:344,00:09:32:388
Flex1_S44.opf,Flex1,44,s,18,5,w,00:09:53:912,00:09:59:520
Flex1_S44.opf,Flex1,44,s,19,0,w,00:10:07:342,00:10:13:222
Flex1_S44.opf,Flex1,44,s,20,50,s,00:10:25:158,00:10:31:616
Flex1_S44.opf,Flex1,44,s,21,50,f,00:10:56:370,00:11:01:400
Flex1_S44.opf,Flex1,44,s,22,0,w,00:11:19:558,00:11:24:350
Flex1_S44.opf,Flex1,44,s,23,19,s,00:11:36:626,00:11:40:228
Flex1_S44.opf,Flex1,44,s,24,0,w,00:12:11:850,00:12:16:098
Flex1_S44.opf,Flex1,44,s,25,19,s,00:12:29:632,00:12:35:682
Flex1_S44.opf,Flex1,44,s,26,0,w,00:13:23:216,00:13:27:634
Flex1_S44.opf,Flex1,44,s,27,50,s,00:13:42:188,00:13:45:994
Flex1_S44.opf,Flex1,44,s,28,0,w,00:14:25:844,00:14:30:194
Flex1_S44.opf,Flex1,44,s,29,5,w,00:14:42:164,00:14:56:782
Flex1_S44.opf,Flex1,44,s,30,0,w,00:15:05:794,00:15:10:756
Flex1_S44.opf,Flex1,44,b,31,60,w,00:16:03:866,00:16:11:038
Flex1_S44.opf,Flex1,44,b,32,60,w,00:16:18:078,00:16:25:760
Flex1_S44.opf,Flex1,44,b,33,60,w,00:16:32:324,00:16:38:102
Flex1_S44.opf,Flex1,44,b,34,60,w,00:16:43:748,00:16:50:104
Flex1_S44.opf,Flex1,44,b,35,52,w,00:17:05:950,00:17:12:306
Flex1_S44.opf,Flex1,44,b,36,44,w,00:17:36:890,00:17:45:218
Flex1_S44.opf,Flex1,44,b,37,36,w,00:18:00:826,00:18:09:426
Flex1_S44.opf,Flex1,44,b,38,28,w,00:18:50:024,00:19:09:572
Flex1_S44.opf,Flex1,44,b,39,20,f,00:19:32:762,00:19:44:626
Flex1_S44.opf,Flex1,44,b,40,20,f,00:20:03:702,00:20:13:050
Flex1_S44.opf,Flex1,44,b,41,60,w,00:20:51:438,00:20:58:950
Flex1_S44.opf,Flex1,44,b,42,36,w,00:21:15:272,00:21:24:926
Flex1_S44.opf,Flex1,44,b,43,24,w,00:21:39:004,00:21:46:584
Flex1_S44.opf,Flex1,44,b,44,24,f,00:21:59:642,00:22:02:360
Flex1_S44.opf,Flex1,44,b,45,24,f,00:22:20:484,00:22:26:602
Flex1_S44.opf,Flex1,44,b,46,60,w,00:23:00:434,00:23:05:532
Flex1_S44.opf,Flex1,44,b,47,28,w,00:23:32:836,00:23:43:238
Flex1_S44.opf,Flex1,44,b,48,60,w,00:24:02:790,00:24:10:098
Flex1_S44.opf,Flex1,44,b,49,60,w,00:24:20:640,00:24:26:996
Flex1_S44.opf,Flex1,44,b,50,60,w,00:24:41:346,00:24:51:748
Flex1_S44.opf,Flex1,44,b,51,60,w,00:25:02:766,00:25:09:054
Flex1_S44.opf,Flex1,44,b,52,4,s,00:25:30:884,00:26:01:380
Flex1_S44.opf,Flex1,44,b,53,60,w,00:26:23:244,00:26:29:974
Flex1_S44.opf,Flex1,44,b,54,16,s,00:27:01:086,00:27:12:202
Flex1_S44.opf,Flex1,44,b,55,60,w,00:27:36:752,00:27:44:502
Flex1_S44.opf,Flex1,44,b,56,32,w,00:27:59:396,00:28:09:254
Flex1_S44.opf,Flex1,44,b,57,60,w,00:28:25:916,00:28:33:428
Flex1_S44.opf,Flex1,44,b,58,16,w,00:28:45:466,00:29:10:896
Flex1_S44.opf,Flex1,44,b,59,16,f,00:29:28:918,00:29:36:600
Flex1_S44.opf,Flex1,44,b,60,60,w,00:30:00:572,00:30:05:704
Flex1_S44.opf,Flex1,44,b,61,32,w,00:30:24:916,00:30:36:406
Flex1_S44.opf,Flex1,44,b,62,60,w,00:30:55:210,00:31:00:512
Flex1_S44.opf,Flex1,44,b,63,4,s,00:31:14:250,00:31:22:408
Flex1_S44.opf,Flex1,44,b,64,60,w,00:31:42:402,00:31:48:690
Flex1_S42.opf,Flex1,42,s,1,0,w,00:09:34:056,00:09:40:718
Flex1_S42.opf,Flex1,42,s,2,0,w,00:09:49:050,00:09:54:964
Flex1_S42.opf,Flex1,42,s,3,0,w,00:10:04:078,00:10:12:440
Flex1_S42.opf,Flex1,42,s,4,0,w,00:10:20:670,00:10:24:782
Flex1_S42.opf,Flex1,42,s,5,8,w,00:10:36:208,00:10:46:882
Flex1_S42.opf,Flex1,42,s,6,16,w,00:10:58:716,00:11:42:812
Flex1_S42.opf,Flex1,42,s,7,16,w,00:11:52:538,00:12:02:566
Flex1_S42.opf,Flex1,42,s,8,24,f,00:12:11:170,00:12:36:872
Flex1_S42.opf,Flex1,42,s,9,0,w,00:13:01:592,00:13:08:424
Flex1_S42.opf,Flex1,42,s,10,12,w,00:13:21:516,00:13:32:632
Flex1_S42.opf,Flex1,42,s,11,24,s,00:13:44:126,00:14:03:504
Flex1_S42.opf,Flex1,42,s,12,0,w,00:14:30:910,00:14:35:804
Flex1_S42.opf,Flex1,42,s,13,12,w,00:14:46:074,00:14:56:102
Flex1_S42.opf,Flex1,42,s,14,20,w,00:15:06:950,00:15:18:270
Flex1_S42.opf,Flex1,42,s,15,20,w,00:15:27:962,00:15:37:922
Flex1_S42.opf,Flex1,42,s,16,28,s,00:15:46:662,00:15:56:486
Flex1_S42.opf,Flex1,42,s,17,28,s,00:16:15:460,00:16:24:842
Flex1_S42.opf,Flex1,42,s,18,0,w,00:16:53:778,00:16:57:856
Flex1_S42.opf,Flex1,42,s,19,12,w,00:17:07:820,00:17:16:352
Flex1_S42.opf,Flex1,42,s,20,12,w,00:17:28:390,00:17:37:330
Flex1_S42.opf,Flex1,42,s,21,24,s,00:17:45:832,00:17:52:052
Flex1_S42.opf,Flex1,42,s,22,0,w,00:18:18:676,00:18:22:448
Flex1_S42.opf,Flex1,42,s,23,28,s,00:18:36:050,00:18:39:380
Flex1_S42.opf,Flex1,42,s,24,0,w,00:19:07:296,00:19:11:306
Flex1_S42.opf,Flex1,42,s,25,0,w,00:19:20:964,00:19:24:464
Flex1_S42.opf,Flex1,42,s,26,0,w,00:19:36:638,00:19:41:532
Flex1_S42.opf,Flex1,42,s,27,0,w,00:19:49:082,00:19:52:514
Flex1_S42.opf,Flex1,42,s,28,30,s,00:20:11:624,00:20:14:376
Flex1_S42.opf,Flex1,42,s,29,0,w,00:20:40:456,00:20:43:684
Flex1_S42.opf,Flex1,42,s,30,50,s,00:21:02:454,00:21:04:866
Flex1_S42.opf,Flex1,42,s,31,0,w,00:21:50:938,00:21:54:574
Flex1_S42.opf,Flex1,42,s,32,50,s,00:22:07:734,00:22:09:738
Flex1_S42.opf,Flex1,42,s,33,0,w,00:22:47:480,00:22:54:788
Flex1_S42.opf,Flex1,42,s,34,30,s,00:25:03:752,00:25:06:300
Flex1_S42.opf,Flex1,42,s,35,0,w,00:25:36:970,00:25:42:578
Flex1_S40.opf,Flex1,40,s,1,0,w,00:05:55:844,00:06:00:704
Flex1_S40.opf,Flex1,40,s,2,0,w,00:06:10:532,00:06:15:766
Flex1_S40.opf,Flex1,40,s,3,0,w,00:06:24:064,00:06:29:842
Flex1_S40.opf,Flex1,40,s,4,0,w,00:06:37:497,00:06:42:184
Flex1_S40.opf,Flex1,40,s,5,8,w,00:06:56:364,00:07:02:074
Flex1_S40.opf,Flex1,40,s,6,16,f,00:07:10:338,00:07:14:450
Flex1_S40.opf,Flex1,40,s,7,16,w,00:07:25:672,00:07:30:974
Flex1_S40.opf,Flex1,40,s,8,16,w,00:07:39:918,00:07:46:070
Flex1_S40.opf,Flex1,40,s,9,16,w,00:07:55:286,00:08:01:506
Flex1_S40.opf,Flex1,40,s,10,24,w,00:08:13:204,00:08:18:506
Flex1_S40.opf,Flex1,40,s,11,24,f,00:08:32:754,00:08:36:356
Flex1_S40.opf,Flex1,40,s,12,24,w,00:08:51:318,00:08:59:442
Flex1_S40.opf,Flex1,40,s,13,32,f,00:09:09:746,00:09:14:402
Flex1_S40.opf,Flex1,40,s,14,32,f,00:09:24:910,00:09:29:600
Flex1_S40.opf,Flex1,40,s,15,0,w,00:09:51:532,00:09:59:112
Flex1_S40.opf,Flex1,40,s,16,28,f,00:10:07:512,00:10:11:420
Flex1_S40.opf,Flex1,40,s,17,28,f,00:10:26:756,00:10:29:678
Flex1_S40.opf,Flex1,40,s,18,0,w,00:10:49:638,00:10:53:818
Flex1_S40.opf,Flex1,40,s,19,0,w,00:11:03:884,00:11:08:030
Flex1_S40.opf,Flex1,40,s,20,0,w,00:11:16:458,00:11:24:112
Flex1_S40.opf,Flex1,40,s,21,0,w,00:11:33:396,00:11:37:712
Flex1_S40.opf,Flex1,40,s,22,50,s,00:11:49:206,00:11:52:128
Flex1_S40.opf,Flex1,40,s,23,0,w,00:12:16:644,00:12:20:416
Flex1_S40.opf,Flex1,40,s,24,14,w,00:12:38:710,00:12:44:658
Flex1_S40.opf,Flex1,40,s,25,0,w,00:12:54:554,00:13:00:094
Flex1_S40.opf,Flex1,40,s,26,29,f,00:13:16:926,00:13:21:684
Flex1_S40.opf,Flex1,40,s,27,0,w,00:13:38:618,00:13:42:594
Flex1_S40.opf,Flex1,40,s,28,14,w,00:13:50:688,00:13:57:214
Flex1_S40.opf,Flex1,40,s,29,0,w,00:14:06:634,00:14:11:494
Flex1_S40.opf,Flex1,40,s,30,50,s,00:14:24:756,00:14:28:970
Flex1_S40.opf,Flex1,40,s,31,0,w,00:14:59:096,00:15:03:990
Flex1_S40.opf,Flex1,40,s,32,29,s,00:15:13:104,00:15:15:788
Flex1_S40.opf,Flex1,40,s,33,0,w,00:15:42:650,00:15:46:626
Flex1_S40.opf,Flex1,40,b,34,60,s,00:16:32:222,00:16:36:062
Flex1_S40.opf,Flex1,40,b,35,60,w,00:16:57:756,00:17:03:976
Flex1_S40.opf,Flex1,40,b,36,60,w,00:17:12:410,00:17:24:444
Flex1_S40.opf,Flex1,40,b,37,60,w,00:17:32:504,00:17:39:064
Flex1_S40.opf,Flex1,40,b,38,60,w,00:17:53:346,00:17:58:546
Flex1_S40.opf,Flex1,40,b,39,52,s,00:18:19:934,00:18:25:134
Flex1_S40.opf,Flex1,40,b,40,52,w,00:18:48:528,00:19:02:568
Flex1_S40.opf,Flex1,40,b,41,44,w,00:19:20:250,00:19:25:858
Flex1_S40.opf,Flex1,40,b,42,36,w,00:19:46:192,00:19:52:344
Flex1_S40.opf,Flex1,40,b,43,28,w,00:20:14:956,00:20:23:420
Flex1_S40.opf,Flex1,40,b,44,20,w,00:20:41:884,00:20:56:910
Flex1_S40.opf,Flex1,40,b,45,20,s,00:21:32:748,00:22:08:854
Flex1_S40.opf,Flex1,40,b,46,60,w,00:22:53:532,00:23:00:330
Flex1_S40.opf,Flex1,40,b,47,32,w,00:23:27:998,00:23:37:288
Flex1_S40.opf,Flex1,40,b,48,24,w,00:23:57:146,00:24:36:550
Flex1_S40.opf,Flex1,40,b,49,60,w,00:25:18:678,00:25:27:448
Flex1_S40.opf,Flex1,40,b,50,28,w,00:25:43:124,00:25:52:880
Flex1_S40.opf,Flex1,40,b,51,24,s,00:26:13:418,00:27:12:984
Flex1_S40.opf,Flex1,40,b,52,60,w,00:27:48:856,00:27:54:974
Flex1_S40.opf,Flex1,40,b,53,36,s,00:28:22:108,00:28:27:716
Flex1_S40.opf,Flex1,40,b,54,36,w,00:29:07:464,00:29:24:700
Flex1_S40.opf,Flex1,40,b,55,24,f,00:29:48:876,00:29:59:210
Flex1_S40.opf,Flex1,40,b,56,24,s,00:30:12:880,00:30:22:296
Flex1_S40.opf,Flex1,40,b,57,60,w,00:31:15:916,00:31:22:918
Flex1_S40.opf,Flex1,40,b,58,60,w,00:31:35:398,00:31:40:564
Flex1_S40.opf,Flex1,40,b,59,34,w,00:32:01:544,00:32:10:960
Flex1_S40.opf,Flex1,40,b,60,60,w,00:32:35:476,00:32:44:144
Flex1_S40.opf,Flex1,40,b,61,60,w,00:32:53:054,00:32:58:390
Flex1_S40.opf,Flex1,40,b,62,19,s,00:33:24:504,00:33:29:296
Flex1_S40.opf,Flex1,40,b,63,60,w,00:34:23:290,00:34:28:388
Flex1_S40.opf,Flex1,40,b,64,4,s,00:34:52:088,00:34:56:540
Flex1_S40.opf,Flex1,40,b,65,60,w,00:35:58:524,00:36:03:282
Flex1_S40.opf,Flex1,40,b,66,4,s,00:36:30:484,00:36:41:430
Flex1_S40.opf,Flex1,40,b,67,60,w,00:37:35:288,00:37:41:508
Flex1_S40.opf,Flex1,40,b,68,34,w,00:38:04:698,00:38:18:364
Flex1_S40.opf,Flex1,40,b,69,60,w,00:38:32:374,00:38:38:526
Flex1_S40.opf,Flex1,40,b,70,19,s,00:39:02:906,00:39:14:566
Flex1_S40.opf,Flex1,40,b,71,60,w,00:40:06:146,00:40:14:746
Flex1_S60.opf,Flex1,60,b,1,60,w,00:24:27:100,00:24:40:630
Flex1_S60.opf,Flex1,60,b,2,60,w,00:24:52:736,00:25:00:758
Flex1_S60.opf,Flex1,60,b,3,60,w,00:25:07:220,00:25:15:888
Flex1_S60.opf,Flex1,60,b,4,60,w,00:25:24:492,00:25:35:540
Flex1_S60.opf,Flex1,60,b,5,52,w,00:25:56:146,00:26:11:648
Flex1_S60.opf,Flex1,60,b,6,44,w,00:26:35:688,00:26:48:946
Flex1_S60.opf,Flex1,60,b,7,36,w,00:27:06:934,00:27:16:350
Flex1_S60.opf,Flex1,60,b,8,28,w,00:27:38:894,00:28:05:786
Flex1_S60.opf,Flex1,60,b,9,20,w,00:28:23:876,00:29:06:068
Flex1_S60.opf,Flex1,60,b,10,12,f,00:29:31:026,00:29:39:762
Flex1_S60.opf,Flex1,60,b,11,12,s,00:30:13:186,00:30:37:868
Flex1_S60.opf,Flex1,60,b,12,60,w,00:31:14:148,00:31:51:512
Flex1_S60.opf,Flex1,60,b,13,60,w,00:32:05:556,00:32:23:302
Flex1_S60.opf,Flex1,60,b,14,36,w,00:32:41:494,00:33:13:010
Flex1_S60.opf,Flex1,60,b,15,20,w,00:33:36:302,00:34:18:188
Flex1_S60.opf,Flex1,60,b,16,12,s,00:34:39:610,00:35:13:846
Flex1_S60.opf,Flex1,60,b,17,60,w,00:35:40:368,00:35:51:246
Flex1_S60.opf,Flex1,60,b,18,32,w,00:36:19:604,00:36:46:088
Flex1_S60.opf,Flex1,60,b,19,16,s,00:37:06:558,00:37:39:740
Flex1_S60.opf,Flex1,60,b,20,60,w,00:38:07:554,00:38:17:548
Flex1_S60.opf,Flex1,60,b,21,16,s,00:38:48:830,00:39:24:868
Flex1_S60.opf,Flex1,60,b,22,60,w,00:39:58:224,00:40:07:606
Flex1_S60.opf,Flex1,60,b,23,60,w,00:40:41:880,00:40:53:438
Flex1_S60.opf,Flex1,60,b,24,9,s,00:41:30:058,00:41:59:942
Flex1_S60.opf,Flex1,60,b,25,60,w,00:42:26:600,00:42:37:410
Flex1_S60.opf,Flex1,60,b,26,24,w,00:43:03:966,00:43:56:426
Flex1_S60.opf,Flex1,60,b,27,60,w,00:44:18:800,00:44:30:086
Flex1_S60.opf,Flex1,60,b,28,4,s,00:44:57:560,00:45:24:928
Flex1_S60.opf,Flex1,60,b,29,60,w,00:45:57:468,00:46:13:718
Flex1_S60.opf,Flex1,60,b,30,4,s,00:46:37:588,00:47:09:036
Flex1_S60.opf,Flex1,60,b,31,60,w,00:47:36:238,00:47:47:422
Flex1_S60.opf,Flex1,60,b,32,24,w,00:48:10:816,00:48:55:184
Flex1_S60.opf,Flex1,60,b,33,60,w,00:49:15:450,00:49:25:580
Flex1_S60.opf,Flex1,60,b,34,9,s,00:49:50:436,00:50:20:456
Flex1_S60.opf,Flex1,60,b,35,60,w,00:50:46:434,00:50:56:802
Flex1_S60.opf,Flex1,60,s,36,0,w,00:51:35:530,00:51:41:036
Flex1_S60.opf,Flex1,60,s,37,0,w,00:51:48:110,00:51:53:310
Flex1_S60.opf,Flex1,60,s,38,0,w,00:52:00:384,00:52:04:802
Flex1_S60.opf,Flex1,60,s,39,0,w,00:52:13:984,00:52:19:728
Flex1_S60.opf,Flex1,60,s,40,8,w,00:52:31:256,00:52:46:282
Flex1_S60.opf,Flex1,60,s,41,16,s,00:52:57:504,00:53:31:434
Flex1_S60.opf,Flex1,60,s,42,0,w,00:53:47:654,00:53:56:730
Flex1_S60.opf,Flex1,60,s,43,8,w,00:54:06:728,00:54:34:708
Flex1_S60.opf,Flex1,60,s,44,16,s,00:54:43:380,00:55:15:814
Flex1_S60.opf,Flex1,60,s,45,0,w,00:55:32:442,00:55:42:844
Flex1_S60.opf,Flex1,60,s,46,4,w,00:55:55:698,00:56:06:746
Flex1_S60.opf,Flex1,60,s,47,12,s,00:56:18:750,00:56:50:368
Flex1_S60.opf,Flex1,60,s,48,0,w,00:57:06:146,00:57:18:112
Flex1_S60.opf,Flex1,60,s,49,12,s,00:57:30:218,00:58:04:046
Flex1_S60.opf,Flex1,60,s,50,0,w,00:58:20:232,00:58:33:218
Flex1_S60.opf,Flex1,60,s,51,0,,00:58:50:118,00:58:59:534
Flex1_S60.opf,Flex1,60,s,52,19,s,00:59:11:640,00:59:39:144
Flex1_S60.opf,Flex1,60,s,53,0,w,00:59:58:798,01:00:07:738
Flex1_S60.opf,Flex1,60,s,54,5,w,01:00:16:682,01:00:37:794
Flex1_S60.opf,Flex1,60,s,55,0,w,01:00:49:764,01:00:58:126
Flex1_S60.opf,Flex1,60,s,56,50,s,01:01:15:570,01:01:47:222
Flex1_S60.opf,Flex1,60,s,57,0,w,01:02:14:050,01:02:24:078
Flex1_S60.opf,Flex1,60,s,58,5,w,01:02:38:054,01:02:47:776
Flex1_S60.opf,Flex1,60,s,59,0,w,01:03:01:582,01:03:09:060
Flex1_S60.opf,Flex1,60,s,60,19,s,01:03:25:484,01:03:57:000
Flex1_S60.opf,Flex1,60,s,61,0,w,01:04:13:662,01:04:26:070
Flex1_S60.opf,Flex1,60,s,62,50,s,01:04:39:808,01:05:10:848
Flex1_S60.opf,Flex1,60,s,63,0,w,01:05:38:016,01:05:50:390
Flex1_S38.opf,Flex1,38,b,1,60,w,00:05:12:562,00:05:19:598
Flex1_S38.opf,Flex1,38,b,2,60,w,00:05:26:774,00:05:33:606
Flex1_S38.opf,Flex1,38,b,3,60,w,00:05:38:810,00:05:43:636
Flex1_S38.opf,Flex1,38,b,4,60,w,00:05:49:350,00:05:55:366
Flex1_S38.opf,Flex1,38,b,5,52,w,00:06:13:898,00:06:18:792
Flex1_S38.opf,Flex1,38,b,6,44,w,00:06:43:444,00:06:51:840
Flex1_S38.opf,Flex1,38,b,7,36,w,00:07:20:606,00:07:30:668
Flex1_S38.opf,Flex1,38,b,8,28,w,00:09:01:654,00:09:09:404
Flex1_S38.opf,Flex1,38,b,9,20,w,00:09:29:908,00:09:44:594
Flex1_S38.opf,Flex1,38,b,10,12,s,00:10:00:848,00:10:20:158
Flex1_S38.opf,Flex1,38,b,11,60,w,00:10:58:070,00:11:04:256
Flex1_S38.opf,Flex1,38,b,12,28,w,00:11:21:802,00:11:28:294
Flex1_S38.opf,Flex1,38,b,13,20,w,00:11:47:132,00:11:59:336
Flex1_S38.opf,Flex1,38,b,14,12,s,00:12:17:052,00:12:31:874
Flex1_S38.opf,Flex1,38,b,15,60,w,00:13:19:578,00:13:24:846
Flex1_S38.opf,Flex1,38,b,16,24,w,00:13:46:948,00:13:56:160
Flex1_S38.opf,Flex1,38,b,17,16,f,00:14:15:780,00:14:57:360
Flex1_S38.opf,Flex1,38,b,18,16,s,00:15:21:672,00:15:27:484
Flex1_S38.opf,Flex1,38,b,19,60,w,00:16:03:458,00:16:08:658
Flex1_S38.opf,Flex1,38,b,20,24,w,00:16:27:941,00:16:42:012
Flex1_S38.opf,Flex1,38,b,21,16,w,00:17:03:060,00:17:37:840
Flex1_S38.opf,Flex1,38,b,22,16,s,00:17:53:652,00:18:12:214
Flex1_S38.opf,Flex1,38,b,23,60,w,00:18:53:288,00:18:59:338
Flex1_S38.opf,Flex1,38,b,24,30,w,00:19:10:866,00:19:19:024
Flex1_S38.opf,Flex1,38,b,25,16,s,00:19:37:964,00:20:03:666
Flex1_S38.opf,Flex1,38,b,26,60,w,00:20:47:766,00:20:51:674
Flex1_S38.opf,Flex1,38,b,27,60,w,00:21:12:212,00:21:15:678
Flex1_S38.opf,Flex1,38,b,28,8,s,00:21:51:346,00:21:53:180
Flex1_S38.opf,Flex1,38,b,29,60,w,00:22:37:212,00:22:46:016
Flex1_S38.opf,Flex1,38,b,30,4,s,00:23:06:520,00:23:08:898
Flex1_S38.opf,Flex1,38,b,31,60,w,00:23:37:528,00:23:41:980
Flex1_S38.opf,Flex1,38,b,32,8,s,00:23:59:832,00:24:11:322
Flex1_S38.opf,Flex1,38,b,33,60,w,00:24:47:772,00:24:52:700
Flex1_S38.opf,Flex1,38,b,34,4,s,00:25:08:954,00:25:14:562
Flex1_S38.opf,Flex1,38,b,35,60,w,00:25:44:722,00:25:48:120
Flex1_S38.opf,Flex1,38,s,36,0,w,00:27:00:848,00:27:05:470
Flex1_S38.opf,Flex1,38,s,37,0,w,00:27:10:436,00:27:16:452
Flex1_S38.opf,Flex1,38,s,38,0,w,00:27:21:962,00:27:24:952
Flex1_S38.opf,Flex1,38,s,39,0,w,00:27:31:720,00:27:34:540
Flex1_S38.opf,Flex1,38,s,40,6,w,00:27:43:722,00:27:46:950
Flex1_S38.opf,Flex1,38,s,41,16,s,00:27:55:384,00:28:28:600
Flex1_S38.opf,Flex1,38,s,42,0,w,00:28:44:684,00:28:55:222
Flex1_S38.opf,Flex1,38,s,43,0,w,00:29:01:718,00:29:04:198
Flex1_S38.opf,Flex1,38,s,44,8,s,00:29:12:666,00:29:38:164
Flex1_S38.opf,Flex1,38,s,45,0,w,00:30:25:358,00:30:32:122
Flex1_S38.opf,Flex1,38,s,46,0,w,00:30:39:706,00:30:42:560
Flex1_S38.opf,Flex1,38,s,47,4,e,00:30:50:382,00:31:07:550
Flex1_S38.opf,Flex1,38,s,48,5,w,00:31:17:310,00:31:21:082
Flex1_S38.opf,Flex1,38,s,49,8,s,00:31:28:632,00:31:31:350
Flex1_S38.opf,Flex1,38,s,50,8,w,00:32:46:934,00:32:50:468
Flex1_S38.opf,Flex1,38,s,51,8,w,00:33:22:294,00:33:26:542
Flex1_S38.opf,Flex1,38,s,52,16,s,00:34:00:510,00:34:06:016
Flex1_S39.opf,Flex1,39,s,1,0,w,00:10:42:804,00:10:50:112
Flex1_S39.opf,Flex1,39,s,2,0,w,00:11:20:680,00:11:26:220
Flex1_S39.opf,Flex1,39,s,3,0,w,00:11:41:114,00:11:46:246
Flex1_S39.opf,Flex1,39,s,4,0,w,00:12:04:982,00:12:16:880
Flex1_S39.opf,Flex1,39,s,5,0,w,00:16:25:490,00:16:31:132
Flex1_S39.opf,Flex1,39,s,6,0,w,00:16:51:466,00:16:55:680
Flex1_S39.opf,Flex1,39,s,7,8,w,00:18:22:824,00:18:32:104
Flex1_S39.opf,Flex1,39,s,8,0,w,00:34:30:532,00:34:35:596
Flex1_S39.opf,Flex1,39,s,9,0,w,00:34:42:976,00:34:46:204
Flex1_S39.opf,Flex1,39,s,10,0,w,00:34:55:862,00:35:02:252
Flex1_S39.opf,Flex1,39,s,11,0,w,00:35:54:002,00:36:01:854
Flex1_S39.opf,Flex1,39,s,12,0,w,00:36:10:764,00:36:15:386
Flex1_S39.opf,Flex1,39,s,13,8,w,00:36:42:214,00:36:49:862
Flex1_S39.opf,Flex1,39,s,14,16,w,00:37:01:016,00:37:14:172
Flex1_S39.opf,Flex1,39,s,15,16,w,00:37:21:314,00:37:31:104
Flex1_S39.opf,Flex1,39,s,16,24,f,00:37:42:360,00:38:03:302
Flex1_S39.opf,Flex1,39,s,17,0,w,00:38:22:174,00:38:35:942
Flex1_S39.opf,Flex1,39,s,18,0,w,00:39:31:194,00:39:35:612
Flex1_S39.opf,Flex1,39,s,19,12,w,00:39:49:826,00:40:00:364
Flex1_S39.opf,Flex1,39,s,20,0,w,00:42:06:268,00:42:16:330
Flex1_S17.opf,Flex1,17,b,1,60,w,00:07:18:090,00:07:30:668
Flex1_S17.opf,Flex1,17,b,2,60,w,00:07:41:584,00:07:50:082
Flex1_S17.opf,Flex1,17,b,3,60,w,00:08:05:622,00:08:12:896
Flex1_S17.opf,Flex1,17,b,4,60,w,00:08:28:266,00:08:35:268
Flex1_S17.opf,Flex1,17,b,5,52,w,00:08:51:794,00:09:02:638
Flex1_S17.opf,Flex1,17,b,6,44,s,00:09:23:414,00:09:40:072
Flex1_S17.opf,Flex1,17,b,7,60,w,00:10:10:708,00:10:18:186
Flex1_S17.opf,Flex1,17,b,8,44,s,00:10:34:508,00:10:38:484
Flex1_S17.opf,Flex1,17,b,9,60,w,00:11:04:904,00:11:11:668
Flex1_S17.opf,Flex1,17,b,10,52,w,00:11:29:044,00:11:35:672
Flex1_S17.opf,Flex1,17,b,11,44,w,00:12:02:262,00:12:09:332
Flex1_S17.opf,Flex1,17,b,12,36,s,00:12:40:376,00:12:43:978
Flex1_S17.opf,Flex1,17,b,13,60,w,00:13:08:222,00:13:16:278
Flex1_S17.opf,Flex1,17,b,14,36,w,00:13:31:206,00:13:40:928
Flex1_S17.opf,Flex1,17,b,15,28,w,00:14:01:432,00:14:31:112
Flex1_S17.opf,Flex1,17,b,16,28,s,00:14:47:842,00:15:29:252
Flex1_S17.opf,Flex1,17,b,17,36,w,00:15:59:344,00:16:46:636
Flex1_S17.opf,Flex1,17,b,18,28,s,00:17:09:384,00:17:14:210
Flex1_S17.opf,Flex1,17,b,19,60,w,00:17:53:074,00:18:03:544
Flex1_S17.opf,Flex1,17,b,20,32,w,00:18:18:744,00:18:39:618
Flex1_S17.opf,Flex1,17,b,21,32,w,00:18:53:832,00:19:08:178
Flex1_S17.opf,Flex1,17,b,22,24,s,00:19:26:472,00:19:40:104
Flex1_S17.opf,Flex1,17,b,23,24,w,00:20:17:812,00:21:25:640
Flex1_S17.opf,Flex1,17,b,24,60,w,00:21:52:842,00:22:05:760
Flex1_S17.opf,Flex1,17,b,25,24,s,00:22:31:364,00:22:49:858
Flex1_S17.opf,Flex1,17,b,26,60,w,00:23:21:106,00:23:30:964
Flex1_S17.opf,Flex1,17,b,27,28,w,00:23:48:000,00:24:22:304
Flex1_S17.opf,Flex1,17,b,28,20,s,00:24:39:952,00:25:10:482
Flex1_S17.opf,Flex1,17,b,29,60,w,00:26:06:312,00:26:19:230
Flex1_S17.opf,Flex1,17,b,30,24,s,00:26:52:994,00:27:03:022
Flex1_S17.opf,Flex1,17,b,31,60,w,00:28:37:102,00:28:46:280
Flex1_S17.opf,Flex1,17,b,32,20,s,00:29:15:896,00:29:19:668
Flex1_S17.opf,Flex1,17,b,33,60,w,00:29:51:426,00:30:14:272
Flex1_S17.opf,Flex1,17,b,34,60,w,00:33:13:726,00:33:30:010
Flex1_S17.opf,Flex1,17,b,35,33,w,00:33:58:572,00:34:17:168
Flex1_S17.opf,Flex1,17,b,36,4,s,00:34:55:352,00:35:30:166
Flex1_S17.opf,Flex1,17,b,37,17,s,00:36:01:754,00:36:23:512
Flex1_S17.opf,Flex1,17,b,38,60,w,00:37:01:186,00:37:11:248
Flex1_S17.opf,Flex1,17,s,39,0,w,00:37:58:170,00:38:02:520
Flex1_S17.opf,Flex1,17,s,40,0,w,00:38:11:226,00:38:16:120
Flex1_S17.opf,Flex1,17,s,41,0,w,00:38:24:724,00:38:28:598
Flex1_S17.opf,Flex1,17,s,42,0,w,00:38:35:604,00:38:39:648
Flex1_S17.opf,Flex1,17,s,43,8,w,00:38:54:304,00:39:05:250
Flex1_S17.opf,Flex1,17,s,44,16,s,00:39:22:218,00:39:24:698
Flex1_S17.opf,Flex1,17,s,45,0,w,00:39:47:820,00:39:53:394
Flex1_S17.opf,Flex1,17,s,46,8,w,00:40:08:424,00:40:15:562
Flex1_S17.opf,Flex1,17,s,47,16,s,00:40:25:322,00:40:29:502
Flex1_S17.opf,Flex1,17,s,48,16,s,00:40:50:176,00:40:53:370
Flex1_S17.opf,Flex1,17,s,49,0,w,00:41:29:514,00:41:33:558
Flex1_S17.opf,Flex1,17,s,50,12,f,00:41:53:654,00:42:03:478
Flex1_S17.opf,Flex1,17,s,51,12,f,00:42:24:220,00:42:31:052
Flex1_S17.opf,Flex1,17,s,52,0,w,00:43:02:538,00:43:08:520
Flex1_S17.opf,Flex1,17,s,53,0,w,00:43:28:344,00:43:33:476
Flex1_S17.opf,Flex1,17,s,54,0,w,00:44:21:010,00:44:26:788
Flex1_S17.opf,Flex1,17,s,55,0,w,00:44:34:984,00:44:41:102
Flex1_S17.opf,Flex1,17,s,56,4,w,00:44:58:682,00:45:04:528
Flex1_S17.opf,Flex1,17,s,57,18,f,00:45:14:662,00:45:20:134
Flex1_S17.opf,Flex1,17,s,58,0,w,00:45:41:930,00:45:46:144
Flex1_S17.opf,Flex1,17,s,59,50,s,00:45:58:760,00:46:01:376
Flex1_S17.opf,Flex1,17,s,60,0,w,00:46:54:622,00:46:58:666
Flex1_S17.opf,Flex1,17,s,61,50,s,00:47:16:858,00:47:19:100
Flex1_S17.opf,Flex1,17,s,62,0,w,00:48:12:108,00:48:15:744
Flex1_S17.opf,Flex1,17,s,63,4,w,00:48:24:586,00:48:28:766
Flex1_S17.opf,Flex1,17,s,64,18,s,00:48:38:322,00:48:41:108
